mae,rmse,mape,smape,wape,mase,r2,bias,item_name,split
2.2128299933213453,2.9868193812619293,0.3752493498107452,0.27631245589929176,0.25234026239629376,0.7320640579408961,0.17342970792125012,0.3105843984163724,14oz Ribeye,val
2.6462291204012356,3.1591853174342113,0.446179720434854,0.36451259801743924,0.3595921104377986,0.8754442202831155,-0.060667083154386514,0.21066774466098884,14oz Ribeye,test
1.9053106307983398,2.6088332566248145,0.2370135461525677,0.2119479975847175,0.19815230560302735,0.5080828348795573,0.08857697909088236,0.32396382551926833,8oz Filet Mignon,val
2.2752446639232144,2.714781147519108,0.2719293267145949,0.26048347480632045,0.24995645603663486,0.6067319103795239,-0.042968532624225286,0.6468843313363882,8oz Filet Mignon,test
2.4426043950594387,3.2455966810836494,0.4812056011994309,0.3692775663568921,0.37357478983262005,0.5970810743478628,-0.3800222720528239,-0.23914384841918945,Acai Berry Bowl,val
3.155107999459291,4.378826778160631,0.21639673955055813,0.24283154680579253,0.23800621272516898,0.771248622090049,-0.18803334417145146,2.2675685515770545,Acai Berry Bowl,test
2.7978855279775767,3.200907939849459,0.503959074979988,0.384577141963491,0.36372511863708495,0.7993958651364504,0.10468347101492737,-0.48418375161977917,Almond Croissant,val
2.6721898103371644,3.222284489565082,0.29650399888755413,0.2602249663647046,0.2446370953125573,0.7634828029534756,0.03301974886706627,0.47338651999449116,Almond Croissant,test
2.396041301580576,3.5036823617489428,0.7610189908590073,0.5401406146953849,0.5106317527958604,0.8934391294029267,-0.15000472591639635,0.9553496470818152,Apple Pie,val
2.0469876619485707,2.437897886154349,0.717734162513176,0.5216079007417574,0.4535938569090583,0.7632835349638739,-0.035964866278180185,0.40626984987503445,Apple Pie,test
4.733220687279334,5.320721901701806,0.7727863607221201,0.40015543305678264,0.37749612843332114,0.8072159311639174,0.05446565556578453,-2.283502065218412,Avocado Toast,val
4.1416647495367584,5.153636782093401,0.19739074468693954,0.21192863471717382,0.20524132812189783,0.7063304224016178,-0.1615882896180263,2.711973141401242,Avocado Toast,test
4.116288698636568,4.654600899988077,0.2643171261732181,0.23210326229860823,0.23470067141348855,0.7215804890040199,0.03290086847577922,-1.7139613811786358,Bacon Double Burger,val
5.621370657896384,6.995334823318511,0.2140744309821285,0.23741209939873392,0.2288449432755313,0.9854195575595256,-0.6261676388594262,4.381458771534455,Bacon Double Burger,test
2.9456744560828576,3.7881334858282782,0.3815398023611527,0.2622308124074378,0.218821531023298,0.7082495959980641,0.42991479859176274,0.20711634709284857,Beef Lasagna,val
2.6970832775800657,3.597450294839039,0.24354525850355402,0.22264907836820874,0.22005491176908484,0.6484790394181579,0.3423238370579077,0.708625622284718,Beef Lasagna,test
3.2362759663508487,3.9130726868059926,0.22942688596133387,0.23042453817513409,0.2298993855877652,0.7119807125971866,0.08235769608993782,1.0163583755493164,Beef Tacos (3pc),val
2.930682524656638,3.9388499795559486,0.21416991070034144,0.20539502354735484,0.20410110439573015,0.6447501554244603,-0.07476835783213076,0.6753466434967823,Beef Tacos (3pc),test
2.7368479508620043,3.2503274088440337,0.3664832404311411,0.2811519310488559,0.2523334990156458,0.6653111040769514,0.4791650592965613,-0.7717534578763522,Black Tea,val
2.9768890478672128,3.7949941419199207,0.25399012334041615,0.24989437523200095,0.25075307314648226,0.7236636359456209,-0.051123435560993746,0.8018709818522135,Black Tea,test
3.8908909284151516,4.581383105777137,0.6712521419069304,0.4149460081356065,0.36920862824377354,0.8351180529281301,0.18117427830998878,-1.7739635614248424,Blueberry Muffin,val
2.5933682123819985,3.4439872592285754,0.15901573811453895,0.17045817151338888,0.170271650307909,0.5566253724136973,0.14165694282665175,1.439428598452837,Blueberry Muffin,test
2.8127322563758264,4.066171055793348,0.6731161120106756,0.30828694083874164,0.2454061700193674,0.5677074278923687,0.18961622613393292,-2.5672127650334287,Breakfast Sandwich (Egg & Cheese),val
4.723028892125839,6.063639568411669,0.27665971070727646,0.257296073227231,0.2401540114640257,0.9532718864841144,-0.329364586967273,2.702189641121106,Breakfast Sandwich (Egg & Cheese),test
1.288860247685359,1.6344111567942188,0.4735631618744288,0.3620303814215337,0.33510366439819333,0.5505810766811242,-0.030707011821067054,0.20437941184410682,Bruschetta,val
2.1975986040555515,2.5135104527504946,0.561426144062262,0.4077643063107894,0.3742635177212511,0.938779986198488,0.023646146632107068,0.3244138375306741,Bruschetta,test
2.7335610389709473,3.4753117387969503,0.37783223093468643,0.334542298218633,0.31728833488055636,0.8238129158542581,0.14237529654304193,0.4771721546466534,Buffalo Wings (10pc),val
2.448147394718268,3.070564174219073,0.225428313228794,0.23419726201011273,0.22204127533491266,0.7377978449835876,-0.19784014143872652,1.4519643905835273,Buffalo Wings (10pc),test
2.97586334668673,3.4769704928192375,0.5581729830257476,0.4926094893627032,0.41155556922263287,0.808259180581581,0.08790369484771177,-1.1420039030221791,Butter Croissant,val
2.41996029095772,3.271572602516266,0.18514540248814185,0.19594181346564588,0.19459474504608468,0.6572731654453067,0.14390261498386536,1.1686764007959611,Butter Croissant,test
4.0930070877075195,4.463794152764574,0.4814264125193976,0.3696656812565603,0.38279922403019967,0.973471955995302,-0.2901925066149924,-2.002367239732009,California Roll,val
3.5491514205932617,4.697505663075126,0.20393818869542832,0.21425781946967007,0.2078331912960018,0.844122500032992,-0.29848487041478644,2.179042840615297,California Roll,test
1.0580398853008564,1.2272980714413333,0.5743485355988527,0.4300015795117171,0.41680359117912524,0.6207167327098357,0.1570926026766517,-0.16989707946777344,Cannoli,val
1.1434430892650898,1.6088262878635535,0.42559552835043807,0.36419513971973094,0.35963129420434276,0.670819945702186,0.026980276990565932,-0.3324108673976018,Cannoli,test
3.621742945451003,4.53384731644965,0.9716569595635559,0.4663553674292554,0.3990055787361274,0.9959793099990258,0.23414343438705254,-0.24215004994319037,Cappuccino,val
2.705972659282195,3.4018730205836856,0.324494561174346,0.2902272934615399,0.2784510124327325,0.7441424813026036,0.1450292591182033,0.5335650688562638,Cappuccino,test
1.9589379383967473,2.175660201242208,1.1905431869957182,0.77784899492737,0.8214901031986359,0.7182772440788074,-0.3071258915106361,-1.127108097076416,Caprese Salad,val
1.8892163129953237,2.413871974118211,0.49569037541671435,0.39079224473363944,0.339536572381648,0.6927126480982854,0.08952853942817718,0.08583960166344276,Caprese Salad,test
1.7181919171259954,2.1083911896772594,0.8194740605878306,0.4824532994544763,0.43797048867917526,0.7485192510251861,-0.13483076445886444,-0.0023965835571289062,Caramel Flan,val
1.778316589502188,2.181686561213415,0.6141389924930152,0.46799960627237897,0.4307723415564306,0.7747121776049136,-0.06464547916879226,-0.08487924551352477,Caramel Flan,test
2.606101256150466,3.467517553321271,0.827825353269622,0.36145179845805375,0.292063071809966,0.7122264302523013,0.3819946535711978,-0.8038184826190655,Caramel Macchiato,val
2.8151881389128857,3.5549864682694694,0.41079662598939887,0.3096818786852841,0.28741449585759826,0.769368187032093,-0.034680250239515154,0.36100167494553786,Caramel Macchiato,test
1.286142294223492,1.647748044341586,0.58957030467498,0.3694636293088042,0.3634749961935956,0.48784707711925557,-0.29617921293708194,-0.5007814444028414,Chardonnay (Glass),val
2.3711986664013986,3.1505792001624546,0.36684613427106666,0.31960687295792983,0.2880895576001699,0.8994201838074272,0.4830980183521344,0.8348168226388785,Chardonnay (Glass),test
4.149876301105206,4.774447376136675,0.41238174762241186,0.35106155364330527,0.3392980623545137,0.9923617241773318,-0.10447642469243879,0.03850122598501352,Cheese Quesadilla,val
2.7597922545212965,3.525931801250353,0.19781740727681696,0.19702477352480363,0.19785275354104884,0.6599503217333536,-0.031832843883623285,0.5100351724869165,Cheese Quesadilla,test
2.8541168799767127,4.141840041890729,0.21244669233074093,0.2162626781387228,0.22217676311195966,0.6125909400925628,-0.21405685913358008,1.141306657057542,Chicken Burrito,val
3.0817952033800955,4.273584586479511,0.23509868236883327,0.22599415249156962,0.22175279138712867,0.6614584826767034,-0.09989000064406772,1.3697826434404423,Chicken Burrito,test
2.878430880033053,3.8067507492775867,0.22108056017762776,0.22212918560512426,0.22956810699650115,0.6301042722460414,0.11650852664350497,1.0711624438946064,Chicken Enchiladas,val
3.43956113472963,4.1989364188217335,0.2876499738206624,0.26595227679603434,0.25214827867378864,0.7529387558612125,-0.024795665774865805,1.1152388499333308,Chicken Enchiladas,test
4.785955429077148,5.520668432969519,0.32830457775301086,0.27204864356750225,0.2716917929170434,1.0582012003989676,-0.03971433407485958,-1.6819136692927434,Chicken Tenders (4pc),val
4.350429437099359,5.665896090396481,0.1728928721111405,0.18875015041460516,0.18342351140202703,0.9619039961425718,-0.6219677687153125,3.4834581032777443,Chicken Tenders (4pc),test
1.3754405241746168,1.8421618175177106,0.2459782804907169,0.22991216074193005,0.21543044354542193,0.3712845586729027,-0.2577010249221625,0.4300583325899564,Chicken Teriyaki Bento,val
3.003184269636105,3.8679887988171937,0.36728149753328804,0.37383467844089335,0.32625121592147105,0.8106755083680284,-0.18992857696957732,1.3031717202602289,Chicken Teriyaki Bento,test
2.253719659952017,2.895044521610284,0.8133342773486406,0.635420337473501,0.5859671115875245,1.0016531822008963,-0.21478283891583727,0.7191125796391413,Chocolate Brownie,val
1.2596367444747534,1.4959700024775835,0.5445012741720968,0.4714856468877616,0.4198789148249178,0.5598385530998904,0.20655342105274133,-0.31442063894027317,Chocolate Brownie,test
2.9891716150137095,3.7242212193575948,0.9159424458093833,0.4267629156250532,0.3736464518767137,0.6814691764798094,-0.0017094887737434394,-0.8034695111788236,Chocolate Chip Cookie,val
2.654924612778884,3.6340392497785485,0.2229698293347232,0.21146287730037203,0.20708411979675292,0.6052677873692792,0.02406505830122907,0.7451327641805013,Chocolate Chip Cookie,test
1.6404366860022912,2.0869311262435803,0.5845385712145013,0.38491196055915355,0.3439625309359643,0.6169163605478701,-0.2778516976400114,0.4635218106783353,Churros with Chocolate,val
2.138878663380941,2.6254254581172085,0.6425942994630195,0.4409099748780299,0.4029771394775685,0.8043646255449692,-0.04070262951694015,0.4782457718482384,Churros with Chocolate,test
4.73417538862962,5.611860602893851,0.5099810785521682,0.36963899931273037,0.35168160029820034,1.183543847157405,-0.005348228758358831,-0.25812376462496245,Classic Cheeseburger,val
3.2889356857691054,4.404443601752997,0.22954692856020756,0.2161745741607777,0.20822807101460247,0.8222339214422764,-0.0771782547384583,0.7893393100836338,Classic Cheeseburger,test
1.1582939624786377,1.6171052244358133,0.22968102182660785,0.2351750837248065,0.23527846112847328,0.3490748928017812,0.07929176486313594,0.39813799124497634,Classic Margarita,val
2.425904249533629,2.9269724657506098,0.3545941525427312,0.32675647123501367,0.31536755243937176,0.7310944313662991,-0.17520402660658463,0.20726568270952272,Classic Margarita,test
2.2500346990732045,2.971464133358235,0.30802842822800025,0.24444842196277236,0.23400360870361328,0.4853016017608872,0.19774072731397085,-1.0125778638399565,Coca-Cola,val
3.6998088298699794,4.7811172045643895,0.26539892039644253,0.266411341283137,0.2623500806635076,0.7979979829131327,-0.2816522892167437,1.1565768657586513,Coca-Cola,test
1.6961662769317627,1.9735202432872727,0.8046369615055267,0.44669350833171567,0.3801752000019468,0.5697047037022714,0.011684409215725222,-0.10105527364290677,Coconut Water,val
2.3850808999477286,3.1952963227777724,0.3050114550781765,0.29653047925730636,0.2915929626895343,0.8010958747916036,-0.22994504799090998,0.7948887653839893,Coconut Water,test
2.342980824984037,2.9049143465483485,0.5574818100856748,0.33687459075968634,0.32402926302970725,0.50044250630727,-0.11589289825683036,-1.2608261108398438,Cold Brew Coffee,val
3.6468656001946864,4.832786325098579,0.24177166748769247,0.2312011318660032,0.22153856449780807,0.7789421670318748,0.41896945055552837,1.702985372298803,Cold Brew Coffee,test
1.8595764636993408,2.2007222280934142,0.6542714928294514,0.4313469181302925,0.40290823380152385,0.5145997761180565,0.3514285760991043,-0.7559051697070782,Cold Pressed Green Juice,val
2.161406235817151,2.8030789695900697,0.31131332847586607,0.2779638560418595,0.24719895365650701,0.5981249960751864,0.06982566543103119,0.9183597442431327,Cold Pressed Green Juice,test
1.4713293589078462,1.8162145018692284,0.5007674190442059,0.34058506029021685,0.3187880277633667,0.4315899452796349,0.19207342791418092,-0.05294333971463717,Corona Extra,val
2.3546209824390902,3.0324627092497876,0.37633290643733,0.3808357163241505,0.3573160245724689,0.6906888215154664,0.07908496469392634,-0.03206993983342098,Corona Extra,test
1.602932856633113,1.9158502839690938,0.6134581528740488,0.3672534146181486,0.3255957365036011,0.5828846751393137,0.16174120204219822,-0.2850204614492563,Creamed Spinach,val
1.9312488238016765,2.4532801331933394,0.5546845799422747,0.39901218903853486,0.38232844735160093,0.702272299564246,0.045436353542019026,0.036541070693578474,Creamed Spinach,test
4.470254751352163,5.474735872220876,0.25867275146238833,0.23726151718894467,0.2324532470703125,0.777435608930811,0.011823672429112086,0.3171187180739183,Crispy Chicken Sandwich,val
4.465369395720653,5.703731417511863,0.20411013789618698,0.21275001070751215,0.2100716603535651,0.7765859818644614,-0.22771962381930289,2.1876678466796875,Crispy Chicken Sandwich,test
0.936327732526339,1.3613437918974216,0.45353424409370285,0.2614006130820217,0.2484134800580083,0.4790513980367316,0.29775690709492597,-0.15864271384019119,Crème Brûlée,val
1.3673420258057423,1.6168451000088564,0.5936260566897735,0.4415577926370442,0.4166120234876871,0.6995703387843333,-0.06314975020316815,0.14351775707342687,Crème Brûlée,test
2.332101748539851,2.9890053575400324,0.2561187092729449,0.2189007941390564,0.21501647326963166,0.5797315081116015,0.28169749684533296,-0.361691768352802,Diet Coke,val
3.5201208163530397,4.577882102032821,0.2542965631527724,0.2485436485267401,0.2434126096414336,0.8750582820312641,-0.11703125544964332,1.168627176529322,Diet Coke,test
1.6074793888972356,1.893602439375456,0.25363176694150796,0.23400756717862875,0.21543538201715529,0.42866117037259616,0.12429421455048195,0.21889532529390776,Dr Pepper,val
2.99689357708662,3.811232110286437,0.39594882926481983,0.32683353508280805,0.3083874657160374,0.799171620556432,-0.05709428669309369,0.27803295086591673,Dr Pepper,test
1.3793822802030122,2.432754062091217,0.11883060865468911,0.1284535511471271,0.1338206689749191,0.37234859097504625,-0.5775889640362821,0.4349097471970778,Dragon Roll,val
3.8941016564002404,4.7817927571790335,0.3250574203701074,0.30456769310056064,0.296042815983644,1.0511685452859545,-0.12726855115842084,1.0709286225147736,Dragon Roll,test
1.8885136384230394,2.3544147338409687,0.48967997334961194,0.37661964725847485,0.34578418731689453,0.5395753252637255,-0.13967447308848802,0.6861441685603216,Edamame,val
2.451605283297025,3.126764218656818,0.37245888266521254,0.34421634044809785,0.3331449688103972,0.7004586523705786,-0.20290337022078941,1.0012605862739758,Edamame,test
3.756769693814791,4.486984849941861,0.6068152647431719,0.4274108211891301,0.3699848940878203,0.9499877386658092,0.1548726814779643,0.3590074685903696,Espresso,val
3.4338552279350085,4.263126988018632,0.32134197899133254,0.2992779999676297,0.28800076105261363,0.8683312070640251,-0.0891661489359592,0.83660216209216,Espresso,test
3.241790698124812,3.5623659954506395,0.5447170920214609,0.3595871157815661,0.32417906981248124,0.6201686552934423,0.2635005834283065,-1.0226928270780122,Everything Bagel with Cream Cheese,val
3.723878567035382,4.604021125198361,0.23687006888239487,0.24559926667066315,0.23614839693395104,0.712394160650247,0.01693337593438482,1.8738639049040966,Everything Bagel with Cream Cheese,test
2.170405754676232,2.534118566950855,0.17556642770933806,0.17170293337599557,0.16597220476935892,0.5520107121719896,0.43179218951796106,0.19584127572866586,Fettuccine Alfredo,val
2.7398742773594003,3.73628728096717,0.2446686918917056,0.23082826677952864,0.2338185925974105,0.6968466370162637,0.064381745640265,0.17568324162409857,Fettuccine Alfredo,test
2.789091183589055,3.4272233299412425,0.30842744393593935,0.25103764334662426,0.2324242652990879,0.7348503717240624,0.2797350151282264,-0.24637302985558143,French Fries,val
3.445722359877366,4.180532243208606,0.22180829828284396,0.2229740275719267,0.21330662227812267,0.9078549930215815,-0.13774561724562573,1.6349403430254033,French Fries,test
1.2599514631124644,1.5008407611471994,0.4791570214124826,0.3942197725227064,0.35607323957526166,0.5599784280499842,-0.1605987358665637,0.270519495010376,Fried Calamari,val
1.5197411317091722,1.9544758710695391,0.4245418821062361,0.3460798808644541,0.3329769895317849,0.6754405029818543,0.03001946737362171,0.124480406443278,Fried Calamari,test
2.926067517353938,3.2881495255787745,0.9092193165941844,0.6906205880487932,0.7177146740679471,0.9196212197398091,-0.8272157141333025,-1.6487596035003662,Fruit Smoothie,val
3.0647790126311474,4.015575559124894,0.4170271936111548,0.33981652555165964,0.3274695383359308,0.9632162611126464,-0.10526779608173364,0.41095474438789564,Fruit Smoothie,test
1.7954866702740009,2.353942505967994,0.1960012901718731,0.18423583810190494,0.19290352655836374,0.5197461413951056,0.5345742249915075,-0.48825960892897385,Garlic Bread,val
2.5028774310380983,3.2330918380893294,0.2207759776300732,0.21326161990305742,0.21547951393043233,0.7245171510899758,-0.026260959836281517,0.23807381360958785,Garlic Bread,test
2.4725196178142843,2.767799859675642,0.4103756763234859,0.36489358678928635,0.33834478980616517,0.863419549078004,0.2018119514893556,0.29052173174344575,Garlic Mashed Potatoes,val
2.3137840857872596,2.8079838424139374,0.5415677848536573,0.4018271654108797,0.3759899139404297,0.8079880934495192,-0.1260788851954011,0.1949297831608699,Garlic Mashed Potatoes,test
1.9319133391747108,2.3724680457082137,0.6566302677941701,0.3712119484346386,0.3139359176158905,0.7522494418025422,0.03329859541035873,0.4539575209984413,Green Tea,val
2.458447431906676,2.8743717115769822,0.6406666118798169,0.4455743083098302,0.39784004084796826,0.9572715664061392,0.022821044173127136,0.2108614261333759,Green Tea,test
1.0355264223538911,1.1556399255182723,0.773585167798129,0.7501939915422647,0.8413652181625366,0.4899264793932388,-1.089815877123772,-0.8760283543513372,Green Tea Mochi Ice Cream,val
1.2772415234492376,1.709849479725743,0.5030459996641871,0.3825419430026796,0.366267789812649,0.6042863121695318,0.07857995128734407,0.15302180021237105,Green Tea Mochi Ice Cream,test
2.465808318211482,2.812805122489669,1.0813486372667647,0.68375301412419,0.7454769334127737,0.8036708592689275,-1.1090007556003108,-1.9110465049743652,Grilled Asparagus,val
2.246178761506692,2.900740859568537,0.2602347429469013,0.25789953181056197,0.2467633005598901,0.732087892639218,0.47036307938348776,1.1075074244768193,Grilled Asparagus,test
2.9569916358360877,3.436402771450962,0.7035867053775149,0.4635556846847612,0.4319201265827993,0.5913983271672175,-0.0683608229606314,-0.4486535879281851,Grilled Atlantic Salmon,val
3.4116356067168407,4.552908490526049,0.22102492223625875,0.24950266382542735,0.24324275806573453,0.6823271213433681,0.2839252310960375,2.389308281433888,Grilled Atlantic Salmon,test
1.3788272050710826,2.0278864924303655,0.4918144745959176,0.36688995435859617,0.24895491202672324,0.4044559801541842,0.42658193661330135,-0.6229250614459698,Grilled Tofu Wrap,val
3.1439082683661046,3.7312272143168568,0.4513655879774109,0.3722929380163054,0.35032120704650876,0.9222130920540573,-0.26571715327615797,0.9093769635909643,Grilled Tofu Wrap,test
2.0281427456782413,2.4159902930565984,0.3422072591507973,0.29944438643074833,0.2897346779540345,0.6420020202146951,0.0966533541682354,0.05188872263981746,Guacamole,val
2.8038836136842384,3.5762578398942786,0.45472400705297505,0.37138330416522003,0.3608959106722287,0.8875602805906941,-0.09163929455631004,0.4517800380022098,Guacamole,test
1.6132045158973107,2.073296357301456,0.23338333574256184,0.202248049703444,0.1839619184795179,0.5678479895958534,0.3525345225501666,0.5625151854294997,Herb-Crusted Rack of Lamb,val
2.472890413724459,3.285308452993487,0.29634120140579434,0.2908472825459903,0.28117412867420966,0.8704574256310097,-0.08949666387199406,1.100050143706493,Herb-Crusted Rack of Lamb,test
0.835840683716994,1.0546089821106106,0.20133278907000365,0.17917028119128706,0.17812998177575284,0.258992887912308,0.13778982674277107,-0.2473280796637902,Horchata,val
2.5008256007463503,3.2094347153693406,0.4838596524767635,0.37815496408238347,0.3521017993830602,0.7749037072735171,0.15532582039231202,0.3518084623874762,Horchata,test
5.826533537644607,7.4167164604293605,0.24253362317440721,0.24753909930347298,0.244338503191548,0.8460972793939362,-0.11788100483336295,2.4749572460467997,Hot Dog with Mustard,val
6.987254460652669,8.212392793224902,0.22818430709929624,0.2663098999660498,0.24571949861627962,1.0146508127680443,-2.162968808229925,6.914965849656325,Hot Dog with Mustard,test
3.551383825448843,4.553756403487345,0.4271349896951699,0.41180279641770157,0.384733247756958,1.32424481626906,-0.19119709640008087,1.8556244189922626,Hot Sake (Small),val
2.2523155334668283,2.853091735915615,0.3415185877337139,0.2997749677208923,0.28705982289283105,0.839846470106275,-0.014016499741975386,0.5675510137509077,Hot Sake (Small),test
1.9303948695843036,2.1802602774895354,0.8259819088838041,0.49065413017941584,0.4402654965718587,0.7792419657037557,0.2185336631184941,-0.6690840721130371,Hummus & Pita,val
2.1863167469318094,2.5113071298192837,0.7266041405604012,0.46765215324394277,0.4372633493863619,0.8825498794954094,0.0001631036139608799,-0.4529868028102777,Hummus & Pita,test
1.919444120847262,2.653685292006363,0.40312252081595695,0.27709178664115214,0.25724508836097326,0.4492316027514869,-0.02595319939900098,-0.5515100405766413,Iced Latte,val
2.371468152755346,3.27281031686299,0.1534301644266989,0.15695179673145235,0.15570245447383585,0.5550244612831661,0.5363197834124348,1.434778433579665,Iced Latte,test
1.977379138653095,2.4838666838024737,0.40920950000063,0.31194218370154597,0.28248273409329927,0.4603422333372284,0.02189368124694313,0.5546261714054987,Iced Tea,val
3.04784187903771,3.9739237327498254,0.3307494671738509,0.28426136004296626,0.26771584072628535,0.7095504903579853,0.35793268599100736,1.00575136527037,Iced Tea,test
2.2480173844557543,2.5627192635412026,0.5927856363080166,0.5929375130228458,0.5038659654814621,0.9697329893730704,0.12190460916965762,0.3121011440570538,Jumbo Shrimp Cocktail,val
1.9000756557171161,2.3014531524644264,0.48325973848711357,0.38986358599693705,0.3579852684684422,0.8196404789367951,0.07078888830963936,0.5537245212457119,Jumbo Shrimp Cocktail,test
1.3293778346135066,1.7370553424478246,0.377685471244784,0.2571428399690668,0.2618471492420543,0.38230473675159665,-0.26849267015120226,-1.3293778346135066,Kale & Sweet Potato Salad,val
2.8741197096995816,3.486018394852194,0.3239195687618408,0.30487013419819153,0.2774521501937715,0.8265442302404026,0.104038527236742,1.3099891711504033,Kale & Sweet Potato Salad,test
1.89819152538593,2.46975914897658,0.5761855536037022,0.49656644040745185,0.43292087421082615,0.5061844067695813,0.16597812870700257,-0.8742570877075195,Kombucha (Ginger),val
2.9947434083009377,3.89449351901822,0.38889917235049687,0.3502198669455357,0.3385362113731495,0.7985982422135833,-0.12225765371062214,0.7647123703589807,Kombucha (Ginger),test
1.2696436735299916,1.4611890109050398,0.6210726976394654,0.815354172641247,0.7502439889040861,0.5700440983195881,-0.03686032190991573,-0.6045627227196326,Lemon Gelato,val
1.8779752437884991,2.4713479456872607,0.6200468711927031,0.5150478032053258,0.46063543715566957,0.8431725584356528,0.002405522227161505,0.28949467341105145,Lemon Gelato,test
2.949820903631357,3.593046220933476,0.45595827248017334,0.5844453622383691,0.49163681727189285,0.9907795401509902,-0.3534657652817448,1.1166341304779053,Loaded Nachos,val
2.096159421480619,2.611513138930578,0.35295807662839235,0.3247149358315453,0.30503812476770203,0.7040535461461621,-0.10659497872642532,0.7350368499755859,Loaded Nachos,test
2.6609779871427097,3.0894958517360314,0.5311912047261143,0.39244291796323016,0.38436348703172474,0.7010959966124505,0.16678595019415765,-0.6003793936509353,Lobster Ravioli,val
3.3778589199750853,4.1337865750078056,0.36127113235756203,0.3177608928130173,0.29209866492024017,0.8899748052628967,-0.013457817670363692,0.7520255064352964,Lobster Ravioli,test
4.064514086796687,5.900749409844905,0.3212452928912579,0.3352300863811228,0.3281905784369996,1.0047113472980573,-0.5034196647996076,2.4353595880361705,Mac & Cheese,val
3.157622422927465,3.939747542722329,0.39504752238516644,0.3254887555320134,0.3117652518839776,0.7805358798247666,-0.008301438254380233,0.3788623932080391,Mac & Cheese,test
1.8068306262676532,2.2253554330988243,0.2439043540088672,0.20248400793881516,0.18791038513183594,0.4937922208433338,0.24328847214087257,-0.8528104928823618,Margherita Pizza,val
3.0725028942792845,3.5905780444714703,0.2501137031102699,0.2373995287588509,0.22231468066213747,0.8396902319769473,0.013626091311715105,0.9087658172998673,Margherita Pizza,test
2.288728493910569,2.6698442753748086,0.7572982696677594,0.46460849964157824,0.3864087067641221,0.7806515793183337,0.1333499504654484,-0.6235541563767654,Matcha Green Tea Latte,val
2.396583813887376,2.888989400258081,0.47992142810684085,0.3747956433592491,0.36087555498690216,0.8174394403956942,-0.04672337459236431,-0.14449333533262596,Matcha Green Tea Latte,test
2.4050876910869894,2.9281478129172975,0.346413012046685,0.2728588609822975,0.27916196414402555,0.6492261252013959,-0.17234173528754648,-1.5480965834397535,Meatball Calzone,val
3.248810352423252,3.8014171225653524,0.26370595607411357,0.25602307166302685,0.2508982252366472,0.8769794816357245,0.07594280566156753,0.48758467649802184,Meatball Calzone,test
1.345141887664795,1.684221336744612,0.36834921307033963,0.3001260061351977,0.2963871955871582,0.4384166152388961,0.10562377726932559,-0.3000160730802096,Mexican Coke (Glass Bottle),val
2.560791639181284,3.2295903751559463,0.6601158608685765,0.413116723369717,0.379737163224601,0.8346283861035295,0.11844763721009177,0.10058264854626778,Mexican Coke (Glass Bottle),test
1.6520275886242206,2.0384780313012207,0.5813673654173175,0.413317216720342,0.3904792482202703,0.6212753324740659,-0.07379413396408485,0.23617196083068848,Miso Soup,val
1.9229143949655385,2.335945811939416,0.3886736616696819,0.33526798451807416,0.31509941766242017,0.723147293833194,-0.13443873073245016,0.5642489042037573,Miso Soup,test
2.356005210142869,2.691961715566719,1.134314166407882,0.6443035061560075,0.6005503476834765,0.7736136510916883,0.02802763381349349,-0.29691789700434756,Modelo Especial,val
1.9021022136394794,2.316518398310127,0.35158495238271287,0.3197990710484414,0.31300416173814216,0.624570876120426,0.11608429263072662,0.1645181484711476,Modelo Especial,test
1.6186296756450946,1.8815306620158752,0.7520958327584797,0.6205826965871746,0.5132240434972252,0.7576564439189805,0.07385969067198672,-0.009326788095327524,New York Cheesecake,val
1.3074229802840796,1.6746637300569327,0.5442625730706934,0.44444785729547004,0.3983554393053055,0.6119852248138246,0.03970229987923668,0.07135569743621044,New York Cheesecake,test
6.291476763211763,7.092359006862918,0.5295345271941067,0.4015242568134831,0.35872455228839006,1.3245214238340555,0.193915891172312,0.5607252854567307,Oatmeal with Berries,val
5.358393302330604,6.806679603460014,0.26141320309993166,0.272655515660306,0.2672344485817053,1.1280828004906533,-0.08725398012690433,2.87173946087177,Oatmeal with Berries,test
1.995267941401555,2.536129175931273,0.5380726579106573,0.3517403113242659,0.3051586263320025,0.6455278633946208,0.23450721669389973,0.5463913404024564,Old Fashioned Cocktail,val
2.1713423973474746,2.8386124053238815,0.4119491167045899,0.3456156377610028,0.31716237264626035,0.7024931285535947,-0.15077865818110614,1.0861454621339455,Old Fashioned Cocktail,test
1.89692629300631,2.465115140005764,0.7224136252542992,0.40967139315421885,0.37938525860126204,0.6677180551382211,-0.1969440075047466,-0.429837887103741,Onion Rings,val
2.24348085354536,2.6796098682832032,0.3726576649803483,0.3214987556810524,0.29659577385853914,0.7897052604479667,-0.05437826407330615,0.8367802302042643,Onion Rings,test
2.0526923399705153,2.871576045454839,0.5718743234618097,0.3281630499596647,0.30672414275421495,0.49625529098188276,-0.5147449765611727,-1.491293687086839,Orange Juice,val
2.961010394952236,3.9117275131259173,0.1881072374031484,0.1946039998173556,0.1921454332830902,0.7158486669115296,0.3767072292368696,1.685896139878493,Orange Juice,test
1.9890446662902832,2.9727087808450703,0.7683755449726064,0.4921903906517128,0.4972611665725708,0.9212417401765521,0.04265860463104998,-0.0057711968055138224,Oysters on the Half Shell (6pc),val
2.1099729048900113,2.7995829156679464,0.4111348929118338,0.39263103738576105,0.39561991966687715,0.9772506085806368,-0.096898022367083,0.6957984092908028,Oysters on the Half Shell (6pc),test
2.6340293150681715,3.204483769281352,0.3202741622924804,0.28705603404728147,0.2717649293324304,0.7830897963716186,0.1591991073341531,0.21898497067964995,Pepperoni Pizza,val
2.776385405124762,3.3910438750945926,0.2371816526171512,0.23180082291753548,0.22843677383937916,0.8254118771992536,-0.34643961463002126,0.4994057141817533,Pepperoni Pizza,test
2.684550798856295,3.307215327590615,0.5286390261044578,0.41835331540422077,0.39658136801286176,0.6673459612976101,-0.20186396274089735,0.5574530821580154,Peroni Beer,val
2.695991039276123,3.4244503029293485,0.2799372734949549,0.25060979190713295,0.23627786636352538,0.6701898628709007,0.407147714110508,0.6463306989425268,Peroni Beer,test
2.739206387446477,3.0282576480261074,0.21794720076460886,0.19668531067389086,0.18643813108274448,0.6695837835980277,0.19866173697102618,-0.2209050838763897,Philly Cheesesteak,val
4.016634329771384,4.859675154020448,0.2506852095168324,0.23890632306000092,0.22768712043762207,0.9818439472774495,0.010669571483965634,1.2477983817076073,Philly Cheesesteak,test
4.022184812105619,4.7402485625661015,0.4061769073844974,0.3424947125358144,0.33518206767546826,1.1272365078512563,0.11481989801869719,-0.29219260582557094,Pork Carnitas Bowl,val
3.605670219812638,4.707285707556901,0.23510668431715465,0.2368112244410937,0.23515240563995463,1.0105063036417583,-0.1481616615193213,1.4191367075993464,Pork Carnitas Bowl,test
2.1812204030843882,2.7490154092915873,0.5077695617308984,0.4284709914115167,0.4169980182367213,0.6806645229483197,-0.2874470632745145,0.5121393753932073,Pork Gyoza (6pc),val
2.766485727750338,3.302049718470151,0.635657542088931,0.4323738467189213,0.40868539159948175,0.8633005107873395,-0.21176915783146533,0.33473095527062047,Pork Gyoza (6pc),test
2.35330999814547,2.7922691537740367,0.47129235762789745,0.3386027126595979,0.2970197085037972,0.790424732201532,0.17543577748251682,0.044698275052584134,Pork Ramen,val
2.634748935699463,3.1295147969341377,0.3327988183439923,0.3138593974750014,0.30045382600081594,0.8849538409982929,-0.2052156485836083,0.7942417951730582,Pork Ramen,test
2.532536139855018,2.796398176495347,0.5353367430399758,0.4059289674921909,0.3919401168823242,0.7143050650873128,0.08606263714066464,-1.36159243950477,Potato Gnocchi with Pesto,val
2.683912913004557,3.5181902798728584,0.4225337622270327,0.30024374230774303,0.2867742564580212,0.7570010780269264,-0.20388957589468082,0.026346524556477863,Potato Gnocchi with Pesto,test
2.3530347163860617,3.001255376849789,0.34780359962484336,0.34115938826346215,0.3254196948193489,0.8627793960082226,-0.21587317768753267,1.2255672674912672,Premium Cabernet Sauvignon (Glass),val
2.013979728405292,2.4692933366250327,0.4572911864416129,0.35901481651128747,0.33281868393138303,0.7384592337486071,-0.016680549734652494,0.7490122012602978,Premium Cabernet Sauvignon (Glass),test
2.0928998360267053,3.018199779667556,0.23155096367516328,0.2283024405832309,0.23454911955471697,0.5615097121047258,0.10907954005352283,0.7150103495671198,Prosciutto & Arugula Pizza,val
3.096836554698455,3.7954585715647093,0.3208565749712048,0.27201633342147036,0.2642814565278769,0.8308585878459269,0.047606090853091754,-0.07373249836457081,Prosciutto & Arugula Pizza,test
2.3645824835850644,2.7236462667703005,0.8380190053629497,0.6210496395463215,0.6404077559709549,0.7326875301249496,-0.5363775474474426,-1.632226742230929,Prosecco,val
2.7809762954711914,3.328422103853148,0.3237211180418435,0.2868603334853845,0.2600913082095359,0.8617109647938903,0.1759469473857046,0.9040695581680689,Prosecco,test
1.7397009776188777,1.9687444067560675,0.4705181166365906,0.3676573775547333,0.3967739071762353,0.5712450971285867,0.05067200418329321,-1.0070807383610652,Queso Dip,val
2.35524014937572,3.2422736344068324,0.39624857530049556,0.34163827735057045,0.3402013549098262,0.7733624371084454,-0.1688060369358404,0.24195327514257187,Queso Dip,test
2.402530450087327,3.0257930420474684,0.27460839496087774,0.39743545396069074,0.2891934801031042,0.648535827017438,0.40121262495039256,0.3900318145751953,Quinoa Power Bowl,val
2.6794416965582433,3.6105800547403826,0.23906027314284214,0.24734262616549088,0.24301913061807323,0.7232848751445564,-0.24314699388708894,1.003388673831255,Quinoa Power Bowl,test
2.4810799085176907,2.9182964399006464,0.43915868191730173,0.35712068565243144,0.3071813220069522,0.8664088569426855,0.05310477316965989,0.7953511751615084,Red Wine (Cabernet),val
2.61591004102658,3.3378793723022295,0.764790495100694,0.37759611443918,0.338938510299125,0.9134923952791231,-0.13778221222277054,-0.22253892360589442,Red Wine (Cabernet),test
2.682493503277118,3.5250026857081957,0.2938285322323771,0.28835149624103207,0.2882017813438226,0.8370901712354127,0.2748847289750519,0.7758124424861028,Red Wine (Chianti),val
2.8470151118743114,3.82034293430396,0.5061463983888741,0.3590200500124219,0.3536101572073189,0.8884302476770901,0.1628063951433587,-0.3054798810909956,Red Wine (Chianti),test
2.270877508016733,3.029623722859304,0.8833133862904676,0.4540786497830186,0.4217343943459647,0.6617126513426242,0.030508272839433914,-0.5945696830749512,Rice & Beans,val
1.8043431013058393,2.2541684255639005,0.3360759813755471,0.2877294564058347,0.283747503834386,0.5257688507116354,0.004043850860715792,0.11477881211500901,Rice & Beans,test
1.9420516857734094,2.3960438483410726,1.0133832218446137,0.5058202868642895,0.42790969347549696,0.642483264466391,0.3039932461863316,-0.8151375147012564,Roasted Chickpeas,val
2.2731295365553637,2.9598978854305167,0.42866168572728564,0.37250722087666055,0.3370800453447117,0.752012779010797,-0.012574023069890528,0.4460341624724559,Roasted Chickpeas,test
3.7479668397169847,4.604871285952962,0.3741296287292911,0.2918748205194713,0.29891760071362455,0.7232918462611725,-0.6289172207603642,-1.8045615416306715,Salmon Nigiri (2pc),val
3.2960491424951797,4.367046324534238,0.21252497818829136,0.2054692701463247,0.20404113739255875,0.6360796590780171,-0.0639353494188375,0.89763976366092,Salmon Nigiri (2pc),test
2.457738161087036,2.7824372102507584,1.2805041113543132,0.8213903806287858,0.8875165581703186,0.9242775990412785,-0.7261091083099944,-0.9979025584000808,Sapporo Draft,val
2.7530250427050467,3.6137425417722797,0.3143976922685308,0.32071626834971295,0.32242635635284334,1.0353256570856586,-0.07066324793255041,1.277544156098977,Sapporo Draft,test
1.241507420173058,1.4666342366301495,0.4710068834133637,0.36630562635438657,0.33624159296353656,0.5057993193297644,0.02801684142937555,0.09074005713829628,Seaweed Salad,val
1.8465567490993402,2.417354010356516,0.517331041668292,0.41311532245082416,0.3750818396608035,0.7523008977812127,-0.041738891903330355,0.3373937973609337,Seaweed Salad,test
1.7001921030191274,2.0647903779613475,0.41950729565742684,0.336058332060127,0.2986823964763332,0.6562144959021193,0.4606978124762138,0.3462483882904053,Side Salad with Vinaigrette,val
1.8013439912062426,2.2811516544595096,0.4274035441186058,0.3206349526648122,0.2964236947554576,0.6952555755532867,0.00892110991127637,0.13698917780167016,Side Salad with Vinaigrette,test
3.4931054482093225,4.007357426058593,0.3811392468426999,0.3275728937064796,0.32669331530015244,1.2102097615843321,0.2965380019980314,-0.5014809094942533,Spaghetti Carbonara,val
2.970905597393329,4.2497241354093696,0.398216235223292,0.31069694111293433,0.31399815257002667,1.0292901282307598,0.018596066438368197,-0.1278067368727464,Spaghetti Carbonara,test
4.463495547954853,5.457244897993892,0.3715637058571576,0.2821303632762184,0.2686363061269124,0.7467445023194431,0.010016286947485908,-1.6608465634859526,Spicy BBQ Bacon Burger,val
3.9449463868752503,5.394467070974093,0.16369788166985175,0.1785470905699133,0.17684242423923535,0.6599910305038441,-0.5330257081016909,2.7744102478027344,Spicy BBQ Bacon Burger,test
2.635719115917499,3.322607439597753,0.8826892628417268,0.46849596360643875,0.43928651931958324,0.6821861241198233,-0.05526737183613517,-0.33663371893075794,Spicy Jalapeno Margarita,val
2.9456172723036547,3.607195293243304,0.3346533778169773,0.3094154286385221,0.30073055921424746,0.762395058713887,-0.02236986470454072,0.8499524165422488,Spicy Jalapeno Margarita,test
1.9508334489969106,2.2695236591948005,0.7485962157284383,0.477660618191971,0.4449269269642077,0.6220048677961164,-0.1731464435309944,-0.3554052756382869,Spicy Salsa,val
1.8133762188446827,2.2595541448858736,0.5281990515880096,0.37223692303246547,0.35899326159869355,0.5781779248490293,-0.09467080407576667,-0.22865871282724234,Spicy Salsa,test
1.6256396220280573,2.0616264234130233,0.17696221438561416,0.15516468676434572,0.14882616258003342,0.37254241338142985,0.2209313523407841,-0.8376562411968524,Spicy Tuna Roll,val
3.6390590912256484,4.532371851347795,0.22582275693421883,0.2327028046263471,0.22635295782743267,0.8339510417392112,-0.2235660316772965,1.7525000205406775,Spicy Tuna Roll,test
1.6904108707721417,2.20203528683929,0.26333774379623814,0.24771648791776535,0.24417045911153157,0.5550602859251809,0.22103218692202298,0.3148194459768442,Sprite,val
2.312245344504332,2.9460484448813924,0.3231800044066164,0.2914317482332795,0.2757723805372139,0.7592447399864971,0.036277895341403466,0.5567052547748272,Sprite,test
4.563211294320913,5.450033220632853,0.4104492855828906,0.354893466013586,0.3351511120122705,0.984222043873138,0.11248520227823766,0.894305155827449,Steak Fajitas,val
2.868187048496344,3.546185320878079,0.23392610046687778,0.21582036109054753,0.20638246289918344,0.6186285790874467,-0.12077988585180965,0.5790004730224609,Steak Fajitas,test
2.0189687655522275,2.5999363739746313,0.49547502527306797,0.3988729662474914,0.37495134217398507,0.6437291716253479,-0.20250956435059342,0.23703879576462966,Sweet Potato Fries,val
2.0826689035464554,2.530377127272168,0.3602220219905418,0.3293838708698535,0.31001560014622814,0.6640393605510437,-0.1674264667782177,0.7050627806247809,Sweet Potato Fries,test
2.168671387892503,2.679151365895028,0.6779734421363878,0.4441739883693999,0.40275325775146487,1.0721521468232598,0.018562301785804425,0.6428981927724985,Tiramisu,val
1.4563507300156813,2.048560660504274,0.29442489161256563,0.27986107875625077,0.2717592271321128,0.7199936193335952,0.07519127991543895,0.626393966185741,Tiramisu,test
2.8741792165316067,3.3596940111890365,0.8972388043680444,0.42182471925181003,0.35927240206645084,0.7395548861250918,0.2945285094487826,-0.818776900951679,Tortilla Chips,val
2.471912384033203,3.138248577769362,0.2928027568629075,0.26942567611514845,0.26340049993796427,0.6360476309793037,-0.12561819136312224,0.37561626923389924,Tortilla Chips,test
1.917701739531297,2.2563328779233416,0.7000657533987974,0.4668125844639022,0.4888259336060169,0.852311884236132,-0.051815930884636874,-0.7560590780698336,Truffle Mac & Cheese,val
1.3432981295463367,1.6330464753766825,0.4338383701959051,0.3747254523420633,0.34925751368204755,0.5970213909094829,-0.07138532559848199,-0.28538950895651793,Truffle Mac & Cheese,test
2.4451548869793234,3.233941827627756,0.39984100809609635,0.29117992126464043,0.30273346219744,0.6641161421425323,0.25674256651926886,-0.6426928960360013,Truffle Mushroom Pizza,val
3.193850663992075,3.903169780655408,0.34725354222641225,0.30310978842823694,0.292394779097866,0.867465612442292,-0.04463217590845847,0.29492957775409406,Truffle Mushroom Pizza,test
3.129865829761212,3.60436389065898,0.6452618221951346,0.42890847675985866,0.4328537849669761,0.791460324767203,-0.04054654052719964,-1.5465427178602953,Tuna Sashimi (5pc),val
2.195233259445582,2.9881685628426404,0.2041564302168453,0.2125450129212077,0.21139283239105602,0.5551164564115264,-0.19574213932917361,1.0918349608396873,Tuna Sashimi (5pc),test
2.0638379133664646,2.2567401435851,0.8807282484145391,0.9338544502345021,0.7891144962871776,0.8486810111039668,0.01296323762846785,-0.4144896543942965,Vanilla Milkshake,val
1.7160057593614628,2.1097922833334137,0.5107549992644398,0.46212444209738807,0.40560136130361846,0.705647228148639,0.07128794084020507,0.5045673847198486,Vanilla Milkshake,test
1.9762115478515625,2.3564289223730173,0.7305839639443619,0.4499332575707165,0.47575463189019096,0.6210950578962053,-0.39645234819513986,-1.5502252578735352,Vegan Buddha Bowl,val
2.9345014890034995,3.604474025880382,0.3618013411040006,0.33689588038214335,0.31878985535135507,0.922271896543957,-0.05045643195501115,0.868961004110483,Vegan Buddha Bowl,test
1.0530048241982093,1.2091454212762818,0.56102222937804,0.41945143512431005,0.3802517420715756,0.4877074975233811,0.21809013349656925,-0.1026991972556481,Vegan Peanut Butter Protein Ball,val
1.460326965038593,1.7608298077353368,0.6647183416003273,0.5826549146622734,0.527340292930603,0.6763619627547167,-0.15246661084112656,-0.7142728658822867,Vegan Peanut Butter Protein Ball,test
2.722639010502742,3.6008150542770907,0.24429752605315228,0.23401352805485554,0.24242676120914824,0.6338418860429663,0.2349050732146154,0.2650386370145358,Vegetable Udon,val
3.431017961257543,4.059387294101539,0.3409585636535854,0.3223880440279075,0.30974467705797265,0.7987555042081051,-0.04879023075333899,0.8044735223819048,Vegetable Udon,test
1.788281330695519,2.3098066620081865,0.5738419124931643,0.39303890327592544,0.3940280898142669,0.44454451158532676,-0.09689775167871151,-0.6685861074007474,White Wine (Pinot Grigio),val
3.1708743511102138,3.928762611056523,0.4399571336411269,0.3480791939306982,0.32288276682323325,0.7882399516884148,0.14217691574874858,0.2647824898744241,White Wine (Pinot Grigio),test
