model,split,threshold_mode,threshold,precision,recall,f1,pr_auc,roc_auc,tn,fp,fn,tp,false_alerts,missed_anomalies,alert_count,alert_rate,precision_at_50,recall_at_50,anomalies_found_at_50,precision_at_100,recall_at_100,anomalies_found_at_100,precision_at_200,recall_at_200,anomalies_found_at_200
Logistic Regression,val,balanced_f1,0.9203602112106986,0.5546218487394958,0.3707865168539326,0.4444444444444444,0.4196266548619957,0.8308612779127933,9226,53,112,66,53,112,119,0.012583271650629163,0.94,0.2640449438202247,47,0.59,0.33146067415730335,59,0.365,0.4101123595505618,73
Logistic Regression,test,balanced_f1,0.9203602112106986,0.6881720430107527,0.36363636363636365,0.4758364312267658,0.45885187076906736,0.8290000440735735,9253,29,112,64,29,112,93,0.009832945654472404,1.0,0.2840909090909091,50,0.66,0.375,66,0.39,0.4431818181818182,78
Logistic Regression,val,precision_floor_60,0.9290817635349393,0.6063829787234043,0.3202247191011236,0.41911764705882354,0.4196266548619957,0.8308612779127933,9242,37,121,57,37,121,94,0.009939727186211273,0.94,0.2640449438202247,47,0.59,0.33146067415730335,59,0.365,0.4101123595505618,73
Logistic Regression,test,precision_floor_60,0.9290817635349393,0.7294117647058823,0.3522727272727273,0.47509578544061304,0.45885187076906736,0.8290000440735735,9259,23,114,62,23,114,85,0.008987100866990907,1.0,0.2840909090909091,50,0.66,0.375,66,0.39,0.4431818181818182,78
Logistic Regression,val,precision_floor_65,0.941114068405717,0.7051282051282052,0.3089887640449438,0.4296875,0.4196266548619957,0.8308612779127933,9256,23,123,55,23,123,78,0.008247858728983821,0.94,0.2640449438202247,47,0.59,0.33146067415730335,59,0.365,0.4101123595505618,73
Logistic Regression,test,precision_floor_65,0.941114068405717,0.8405797101449275,0.32954545454545453,0.47346938775510206,0.45885187076906736,0.8290000440735735,9271,11,118,58,11,118,69,0.007295411292027913,1.0,0.2840909090909091,50,0.66,0.375,66,0.39,0.4431818181818182,78
Logistic Regression,val,precision_floor_70,0.941114068405717,0.7051282051282052,0.3089887640449438,0.4296875,0.4196266548619957,0.8308612779127933,9256,23,123,55,23,123,78,0.008247858728983821,0.94,0.2640449438202247,47,0.59,0.33146067415730335,59,0.365,0.4101123595505618,73
Logistic Regression,test,precision_floor_70,0.941114068405717,0.8405797101449275,0.32954545454545453,0.47346938775510206,0.45885187076906736,0.8290000440735735,9271,11,118,58,11,118,69,0.007295411292027913,1.0,0.2840909090909091,50,0.66,0.375,66,0.39,0.4431818181818182,78
Random Forest,val,balanced_f1,0.2693435803124211,0.8,0.3146067415730337,0.45161290322580644,0.4602865755224357,0.8558109952278371,9265,14,122,56,14,122,70,0.007401924500370096,0.92,0.25842696629213485,46,0.62,0.34831460674157305,62,0.405,0.4550561797752809,81
Random Forest,test,balanced_f1,0.2693435803124211,0.8169014084507042,0.32954545454545453,0.46963562753036436,0.5086575053682642,0.8788160369042722,9269,13,118,58,13,118,71,0.007506872488898287,0.96,0.2727272727272727,48,0.67,0.3806818181818182,67,0.415,0.4715909090909091,83
Random Forest,val,precision_floor_60,0.23258606756762465,0.6326530612244898,0.34831460674157305,0.4492753623188406,0.4602865755224357,0.8558109952278371,9243,36,116,62,36,116,98,0.010362694300518135,0.92,0.25842696629213485,46,0.62,0.34831460674157305,62,0.405,0.4550561797752809,81
Random Forest,test,precision_floor_60,0.23258606756762465,0.7241379310344828,0.35795454545454547,0.4790874524714829,0.5086575053682642,0.8788160369042722,9258,24,113,63,24,113,87,0.009198562063861281,0.96,0.2727272727272727,48,0.67,0.3806818181818182,67,0.415,0.4715909090909091,83
Random Forest,val,precision_floor_65,0.24036367436611095,0.6521739130434783,0.33707865168539325,0.4444444444444444,0.4602865755224357,0.8558109952278371,9247,32,118,60,32,118,92,0.009728243629057842,0.92,0.25842696629213485,46,0.62,0.34831460674157305,62,0.405,0.4550561797752809,81
Random Forest,test,precision_floor_65,0.24036367436611095,0.7560975609756098,0.3522727272727273,0.4806201550387597,0.5086575053682642,0.8788160369042722,9262,20,114,62,20,114,82,0.008669909071685345,0.96,0.2727272727272727,48,0.67,0.3806818181818182,67,0.415,0.4715909090909091,83
Random Forest,val,precision_floor_70,0.2544014417875385,0.7037037037037037,0.3202247191011236,0.44015444015444016,0.4602865755224357,0.8558109952278371,9255,24,121,57,24,121,81,0.00856508406471397,0.92,0.25842696629213485,46,0.62,0.34831460674157305,62,0.405,0.4550561797752809,81
Random Forest,test,precision_floor_70,0.2544014417875385,0.7532467532467533,0.32954545454545453,0.45849802371541504,0.5086575053682642,0.8788160369042722,9263,19,118,58,19,118,77,0.00814125607950941,0.96,0.2727272727272727,48,0.67,0.3806818181818182,67,0.415,0.4715909090909091,83
Extra Trees,val,balanced_f1,0.3091157170319121,0.532258064516129,0.3707865168539326,0.4370860927152318,0.3938765078730856,0.8402530299782885,9221,58,112,66,58,112,124,0.013111980543512742,0.74,0.20786516853932585,37,0.58,0.3258426966292135,58,0.38,0.42696629213483145,76
Extra Trees,test,balanced_f1,0.3091157170319121,0.6176470588235294,0.35795454545454547,0.45323741007194246,0.46108518977328433,0.8481013471822296,9243,39,113,63,39,113,102,0.010784521040389088,0.9,0.2556818181818182,45,0.63,0.35795454545454547,63,0.415,0.4715909090909091,83
Extra Trees,val,precision_floor_60,0.34921382439699267,0.6067415730337079,0.30337078651685395,0.4044943820224719,0.3938765078730856,0.8402530299782885,9244,35,124,54,35,124,89,0.009411018293327694,0.74,0.20786516853932585,37,0.58,0.3258426966292135,58,0.38,0.42696629213483145,76
Extra Trees,test,precision_floor_60,0.34921382439699267,0.75,0.32386363636363635,0.4523809523809524,0.46108518977328433,0.8481013471822296,9263,19,119,57,19,119,76,0.008035525481074222,0.9,0.2556818181818182,45,0.63,0.35795454545454547,63,0.415,0.4715909090909091,83
Extra Trees,val,precision_floor_65,0.4022446423906219,0.65625,0.23595505617977527,0.34710743801652894,0.3938765078730856,0.8402530299782885,9257,22,136,42,22,136,64,0.006767473828909802,0.74,0.20786516853932585,37,0.58,0.3258426966292135,58,0.38,0.42696629213483145,76
Extra Trees,test,precision_floor_65,0.4022446423906219,0.8412698412698413,0.30113636363636365,0.4435146443514644,0.46108518977328433,0.8481013471822296,9272,10,123,53,10,123,63,0.00666102770141679,0.9,0.2556818181818182,45,0.63,0.35795454545454547,63,0.415,0.4715909090909091,83
Extra Trees,val,precision_floor_70,0.42831560811574304,0.7321428571428571,0.2303370786516854,0.3504273504273504,0.3938765078730856,0.8402530299782885,9264,15,137,41,15,137,56,0.005921539600296077,0.74,0.20786516853932585,37,0.58,0.3258426966292135,58,0.38,0.42696629213483145,76
Extra Trees,test,precision_floor_70,0.42831560811574304,0.8524590163934426,0.29545454545454547,0.4388185654008439,0.46108518977328433,0.8481013471822296,9273,9,124,52,9,124,61,0.006449566504546415,0.9,0.2556818181818182,45,0.63,0.35795454545454547,63,0.415,0.4715909090909091,83
HistGradientBoosting,val,balanced_f1,0.8620860647500261,0.7560975609756098,0.34831460674157305,0.47692307692307695,0.4554527091390635,0.8760963199492391,9259,20,116,62,20,116,82,0.008670825843290684,0.84,0.23595505617977527,42,0.63,0.3539325842696629,63,0.415,0.46629213483146065,83
HistGradientBoosting,test,balanced_f1,0.8620860647500261,0.7037037037037037,0.32386363636363635,0.44357976653696496,0.4505170677586998,0.8533014167205344,9258,24,119,57,24,119,81,0.008564178473250158,0.78,0.2215909090909091,39,0.62,0.3522727272727273,62,0.395,0.44886363636363635,79
HistGradientBoosting,val,precision_floor_60,0.8455188432327606,0.6213592233009708,0.3595505617977528,0.4555160142348754,0.4554527091390635,0.8760963199492391,9240,39,114,64,39,114,103,0.010891403193401712,0.84,0.23595505617977527,42,0.63,0.3539325842696629,63,0.415,0.46629213483146065,83
HistGradientBoosting,test,precision_floor_60,0.8455188432327606,0.5663716814159292,0.36363636363636365,0.4429065743944637,0.4505170677586998,0.8533014167205344,9233,49,112,64,49,112,113,0.011947557623176147,0.78,0.2215909090909091,39,0.62,0.3522727272727273,62,0.395,0.44886363636363635,79
HistGradientBoosting,val,precision_floor_65,0.8518120575826129,0.6702127659574468,0.3539325842696629,0.4632352941176471,0.4554527091390635,0.8760963199492391,9248,31,115,63,31,115,94,0.009939727186211273,0.84,0.23595505617977527,42,0.63,0.3539325842696629,63,0.415,0.46629213483146065,83
HistGradientBoosting,test,precision_floor_65,0.8518120575826129,0.6326530612244898,0.3522727272727273,0.45255474452554745,0.4505170677586998,0.8533014167205344,9246,36,114,62,36,114,98,0.01036159864664834,0.78,0.2215909090909091,39,0.62,0.3522727272727273,62,0.395,0.44886363636363635,79
HistGradientBoosting,val,precision_floor_70,0.8620860647500261,0.7560975609756098,0.34831460674157305,0.47692307692307695,0.4554527091390635,0.8760963199492391,9259,20,116,62,20,116,82,0.008670825843290684,0.84,0.23595505617977527,42,0.63,0.3539325842696629,63,0.415,0.46629213483146065,83
HistGradientBoosting,test,precision_floor_70,0.8620860647500261,0.7037037037037037,0.32386363636363635,0.44357976653696496,0.4505170677586998,0.8533014167205344,9258,24,119,57,24,119,81,0.008564178473250158,0.78,0.2215909090909091,39,0.62,0.3522727272727273,62,0.395,0.44886363636363635,79
XGBoost,val,balanced_f1,0.8675069808959961,0.71875,0.38764044943820225,0.5036496350364964,0.5005190457849434,0.8841354950346985,9252,27,109,69,27,109,96,0.010151210743364704,0.98,0.2752808988764045,49,0.69,0.38764044943820225,69,0.425,0.47752808988764045,85
XGBoost,test,balanced_f1,0.8675069808959961,0.8181818181818182,0.4090909090909091,0.5454545454545454,0.550646984380337,0.8724486298015709,9266,16,104,72,16,104,88,0.009304292662296468,0.98,0.2784090909090909,49,0.74,0.42045454545454547,74,0.455,0.5170454545454546,91
XGBoost,val,precision_floor_60,0.836641788482666,0.6101694915254238,0.4044943820224719,0.4864864864864865,0.5005190457849434,0.8841354950346985,9233,46,106,72,46,106,118,0.012477529872052449,0.98,0.2752808988764045,49,0.69,0.38764044943820225,69,0.425,0.47752808988764045,85
XGBoost,test,precision_floor_60,0.836641788482666,0.6551724137931034,0.4318181818181818,0.5205479452054794,0.550646984380337,0.8724486298015709,9242,40,100,76,40,100,116,0.012264749418481708,0.98,0.2784090909090909,49,0.74,0.42045454545454547,74,0.455,0.5170454545454546,91
XGBoost,val,precision_floor_65,0.8520721197128296,0.6574074074074074,0.398876404494382,0.4965034965034965,0.5005190457849434,0.8841354950346985,9242,37,107,71,37,107,108,0.011420112086285291,0.98,0.2752808988764045,49,0.69,0.38764044943820225,69,0.425,0.47752808988764045,85
XGBoost,test,precision_floor_65,0.8520721197128296,0.74,0.42045454545454547,0.5362318840579711,0.550646984380337,0.8724486298015709,9256,26,102,74,26,102,100,0.010573059843518714,0.98,0.2784090909090909,49,0.74,0.42045454545454547,74,0.455,0.5170454545454546,91
XGBoost,val,precision_floor_70,0.8675069808959961,0.71875,0.38764044943820225,0.5036496350364964,0.5005190457849434,0.8841354950346985,9252,27,109,69,27,109,96,0.010151210743364704,0.98,0.2752808988764045,49,0.69,0.38764044943820225,69,0.425,0.47752808988764045,85
XGBoost,test,precision_floor_70,0.8675069808959961,0.8181818181818182,0.4090909090909091,0.5454545454545454,0.550646984380337,0.8724486298015709,9266,16,104,72,16,104,88,0.009304292662296468,0.98,0.2784090909090909,49,0.74,0.42045454545454547,74,0.455,0.5170454545454546,91
LightGBM,val,balanced_f1,0.8215258342101207,0.9466666666666667,0.398876404494382,0.5612648221343873,0.5382350531829279,0.8744731064830454,9275,4,107,71,4,107,75,0.007930633393253674,1.0,0.2808988764044944,50,0.76,0.42696629213483145,76,0.45,0.5056179775280899,90
LightGBM,test,balanced_f1,0.8215258342101207,0.9285714285714286,0.4431818181818182,0.6,0.591591077584656,0.87396855595385,9276,6,98,78,6,98,84,0.00888137026855572,0.98,0.2784090909090909,49,0.85,0.48295454545454547,85,0.48,0.5454545454545454,96
LightGBM,val,precision_floor_60,0.5983163334100073,0.6058394160583942,0.46629213483146065,0.526984126984127,0.5382350531829279,0.8744731064830454,9225,54,95,83,54,95,137,0.014486623665010046,1.0,0.2808988764044944,50,0.76,0.42696629213483145,76,0.45,0.5056179775280899,90
LightGBM,test,precision_floor_60,0.5983163334100073,0.674074074074074,0.5170454545454546,0.5852090032154341,0.591591077584656,0.87396855595385,9238,44,85,91,44,85,135,0.014273630788750264,0.98,0.2784090909090909,49,0.85,0.48295454545454547,85,0.48,0.5454545454545454,96
LightGBM,val,precision_floor_65,0.6530269608230711,0.6890756302521008,0.4606741573033708,0.5521885521885522,0.5382350531829279,0.8744731064830454,9242,37,96,82,37,96,119,0.012583271650629163,1.0,0.2808988764044944,50,0.76,0.42696629213483145,76,0.45,0.5056179775280899,90
LightGBM,test,precision_floor_65,0.6530269608230711,0.7586206896551724,0.5,0.6027397260273972,0.591591077584656,0.87396855595385,9254,28,88,88,28,88,116,0.012264749418481708,0.98,0.2784090909090909,49,0.85,0.48295454545454547,85,0.48,0.5454545454545454,96
LightGBM,val,precision_floor_70,0.6811335878972197,0.7017543859649122,0.449438202247191,0.547945205479452,0.5382350531829279,0.8744731064830454,9245,34,98,80,34,98,114,0.012054562757745585,1.0,0.2808988764044944,50,0.76,0.42696629213483145,76,0.45,0.5056179775280899,90
LightGBM,test,precision_floor_70,0.6811335878972197,0.7981651376146789,0.4943181818181818,0.6105263157894737,0.591591077584656,0.87396855595385,9260,22,89,87,22,89,109,0.011524635229435398,0.98,0.2784090909090909,49,0.85,0.48295454545454547,85,0.48,0.5454545454545454,96
CatBoost,val,balanced_f1,0.8249890644484875,0.71875,0.38764044943820225,0.5036496350364964,0.4786890644817366,0.8757039878619232,9252,27,109,69,27,109,96,0.010151210743364704,0.96,0.2696629213483146,48,0.69,0.38764044943820225,69,0.39,0.43820224719101125,78
CatBoost,test,balanced_f1,0.8249890644484875,0.7926829268292683,0.3693181818181818,0.5038759689922481,0.5346259383656053,0.8652450490685785,9265,17,111,65,17,111,82,0.008669909071685345,0.98,0.2784090909090909,49,0.7,0.3977272727272727,70,0.45,0.5113636363636364,90
CatBoost,val,precision_floor_60,0.8013198262387785,0.6363636363636364,0.39325842696629215,0.4861111111111111,0.4786890644817366,0.8757039878619232,9239,40,108,70,40,108,110,0.011631595643438722,0.96,0.2696629213483146,48,0.69,0.38764044943820225,69,0.39,0.43820224719101125,78
CatBoost,test,precision_floor_60,0.8013198262387785,0.7096774193548387,0.375,0.49070631970260226,0.5346259383656053,0.8652450490685785,9255,27,110,66,27,110,93,0.009832945654472404,0.98,0.2784090909090909,49,0.7,0.3977272727272727,70,0.45,0.5113636363636364,90
CatBoost,val,precision_floor_65,0.8249890644484875,0.71875,0.38764044943820225,0.5036496350364964,0.4786890644817366,0.8757039878619232,9252,27,109,69,27,109,96,0.010151210743364704,0.96,0.2696629213483146,48,0.69,0.38764044943820225,69,0.39,0.43820224719101125,78
CatBoost,test,precision_floor_65,0.8249890644484875,0.7926829268292683,0.3693181818181818,0.5038759689922481,0.5346259383656053,0.8652450490685785,9265,17,111,65,17,111,82,0.008669909071685345,0.98,0.2784090909090909,49,0.7,0.3977272727272727,70,0.45,0.5113636363636364,90
CatBoost,val,precision_floor_70,0.8249890644484875,0.71875,0.38764044943820225,0.5036496350364964,0.4786890644817366,0.8757039878619232,9252,27,109,69,27,109,96,0.010151210743364704,0.96,0.2696629213483146,48,0.69,0.38764044943820225,69,0.39,0.43820224719101125,78
CatBoost,test,precision_floor_70,0.8249890644484875,0.7926829268292683,0.3693181818181818,0.5038759689922481,0.5346259383656053,0.8652450490685785,9265,17,111,65,17,111,82,0.008669909071685345,0.98,0.2784090909090909,49,0.7,0.3977272727272727,70,0.45,0.5113636363636364,90
